player_name,total_runs,total_matches,total_innings,total_not_outs,average,total_balls_faced,strike_rate,hundreds,fifties,fours,sixes
Aakash Chopra,53,7,6,0,9.7,71,69.33,0,0,7,0
Aaron Finch,2091,92,90,7,22.63,1631,119.69,0,15,214,78
AB de Villiers,4697,169,157,36,37.08,3048,147.29,2,37,374,239
Abdul Basith,1,1,1,1,0,1,100,0,0,0,0
Abdul Samad,577,50,40,10,19.4,395,131.2,0,0,37,36
Abdur Razzak,0,1,1,1,0,2,0,0,0,0,0
Abhijeet Tomar,4,1,1,0,4,8,50,0,0,1,0
Abhimanyu Mithun,34,14,8,3,5.33,26,120,0,0,4,1
Abhinav Manohar,231,19,15,1,13.83,174,112.53,0,0,21,10
Abhinav Mukund,19,3,2,0,9.5,22,45.24,0,0,1,0
Abhishek Jhunjhunwala,217,21,16,3,12.44,210,86.03,0,1,19,5
Abhishek Nayar,672,60,50,12,17.89,577,107.82,0,0,55,20
Abhishek Raut,194,22,16,7,22.5,167,115.99,0,0,13,7
Abhishek Sharma,1377,63,61,7,25.9,887,147.09,0,7,128,73
Abishek Porel,360,18,16,2,20.48,236,132.98,0,2,37,15
Abu Nechim,14,7,4,3,5,6,300,0,0,3,0
Adam Gilchrist,2069,80,80,4,28.13,1495,137.35,2,11,239,92
Adam Milne,23,8,6,2,5.75,29,76.22,0,0,0,1
Adam Voges,181,9,7,3,45.25,143,126.57,0,0,15,3
Adam Zampa,15,17,5,0,2.78,24,44.64,0,0,1,0
Adil Rashid,22,2,2,0,11,16,137.5,0,0,2,1
Aditya Dole,34,3,2,0,17,22,154.54,0,0,3,1
Aditya Tare,339,35,28,4,11.64,273,104.64,0,1,40,11
Adrian Barath,42,3,3,1,21,42,100,0,0,5,1
Aiden Blizzard,120,6,6,0,20,87,137.93,0,1,21,2
Aiden Markram,995,44,42,9,30.96,767,127.98,0,5,73,35
Ajantha Mendis,3,9,3,1,0.67,6,50,0,0,0,0
Ajinkya Rahane,4642,185,171,17,26.4,3761,115.79,2,30,478,103
Ajit Agarkar,179,38,21,11,20.56,154,112.55,0,0,13,5
Ajit Chandila,4,8,1,1,0,6,66.66,0,0,0,0
Akash Deep,19,3,2,1,17,10,156.25,0,0,2,1
Akash Madhwal,4,5,1,1,NULL,5,80,0,0,0,0
Akeal Hosein,16,1,1,1,NULL,10,160,0,0,1,1
Akila Dananjaya,4,1,1,1,0,5,80,0,0,0,0
Akshath Reddy,164,12,10,0,18.67,160,106.91,0,0,15,2
Akshdeep Nath,90,14,10,0,6.97,98,62.58,0,0,7,2
Albie Morkel,974,91,68,28,28.23,686,141.59,0,3,61,55
Alex Carey,32,3,3,1,16,29,110.34,0,0,0,1
Alex Hales,148,6,6,0,24.66,118,125.42,0,0,13,6
Alfonso Thomas,19,4,2,0,9.5,15,126.66,0,0,1,1
Ali Murtaza,10,9,3,2,1.67,14,75,0,0,1,0
Alzarri Joseph,27,19,7,6,2.5,32,81.71,0,0,3,0
Aman Khan,115,12,10,1,9.38,104,137.79,0,1,8,6
Ambati Rayudu,4348,204,187,33,28.05,3409,128.29,1,22,359,173
Amit Mishra,381,154,57,25,12.03,419,81.04,0,0,31,5
Amit Paunikar,49,4,4,0,12.25,57,85.96,0,0,9,0
Amit Singh,2,14,4,1,0.75,7,29.17,0,0,0,0
Amit Uniyal,4,2,2,1,4,7,57.14,0,0,0,0
Andre Russell,2484,127,105,20,25.6,1420,152.8,0,11,170,209
Andrew Flintoff,62,3,3,1,31,53,116.98,0,0,5,2
Andrew McDonald,120,9,7,4,10.5,94,124.52,0,0,9,4
Andrew Symonds,974,39,36,9,45.12,750,131.74,1,5,74,41
Andrew Tye,91,27,13,4,9.46,76,90.22,0,0,6,5
Angelo Mathews,724,49,42,11,21.43,575,124.67,0,1,44,29
Angkrish Raghuvanshi,163,10,7,0,23.29,105,155.23,0,1,16,8
Aniket Choudhary,25,5,3,2,25,20,125,0,0,1,1
Anil Kumble,35,42,17,14,7.5,47,71.74,0,0,3,0
Anirudh Singh,63,5,4,0,15.75,66,95.45,0,0,6,1
Ankeet Chavan,12,10,3,1,6,11,85.42,0,0,2,0
Ankit Bawne,12,1,1,1,0,12,100,0,0,1,0
Ankit Rajpoot,24,19,6,1,5.55,35,69.42,0,0,2,1
Ankit Sharma,87,20,10,3,11,67,127.02,0,0,7,4
Ankit Soni,7,7,3,1,3.5,9,77.77,0,0,0,1
Anmolpreet Singh,139,9,9,0,12.81,115,106.41,0,0,19,3
Anrich Nortje,49,38,15,9,7.11,49,77.73,0,0,6,0
Anshul Kamboj,2,3,1,1,NULL,2,100,0,0,0,0
Anuj Rawat,318,24,21,5,17.74,267,91.19,0,1,26,14
Anukul Roy,26,8,5,3,11.5,22,110.53,0,0,3,0
Anureet Singh,36,18,8,4,7,47,86.02,0,0,2,1
Anustup Majumdar,87,4,4,0,21.75,76,114.47,0,0,7,2
Arindam Ghosh,7,2,2,0,3.5,8,87.5,0,0,1,0
Arjun Tendulkar,13,4,1,0,13,9,144.44,0,0,0,1
Arjun Yadav,49,8,6,1,9.8,39,125.64,0,0,5,2
Arshad Khan,101,10,7,3,25.25,69,136.85,0,1,6,6
Arshdeep Singh,29,62,12,7,2.75,40,74.48,0,0,4,0
Arshin Atul Kulkarni,9,2,2,0,4.5,8,112.5,0,0,2,0
Arun Karthik,51,16,8,3,5.72,51,85.13,0,0,4,1
Asad Pathan,39,8,7,2,7.13,23,145.98,0,0,5,2
Ashish Nehra,39,55,14,11,5.4,53,68.8,0,0,3,1
Ashish Reddy,280,31,24,9,19.35,193,145.47,0,0,16,15
Ashley Noffke,9,1,1,0,9,10,90,0,0,1,0
Ashok Dinda,26,54,15,7,3.42,42,61.97,0,0,2,0
Ashok Menaria,400,28,22,2,20,354,113.67,0,0,24,18
Ashton Turner,24,6,6,1,5.75,28,73.33,0,0,0,2
Ashutosh Sharma,189,11,9,2,27,113,167.25,0,1,10,15
Atharva Taide,247,9,9,0,28.54,168,150.3,0,2,27,8
Avesh Khan,41,46,9,8,7.33,24,167.31,0,0,3,3
Axar Patel,1653,150,113,36,21.35,1263,126.71,0,3,107,79
Ayush Badoni,634,42,35,9,24.44,473,133.21,0,4,46,24
Azhar Bilakhia,69,7,7,2,9.38,85,66.36,0,0,5,0
Azhar Mahmood,388,23,21,2,16.28,303,114.65,0,2,39,13
Azmatullah Omarzai,42,7,4,0,10.5,33,127.27,0,0,2,2
B Indrajith,21,3,3,0,7,30,70,0,0,2,0
B R Sharath,2,1,1,0,2,5,40,0,0,0,0
Balachandra Akhil,76,14,11,5,12.28,55,135.38,0,0,5,5
Barinder Sran,10,22,9,8,1,14,80.95,0,0,0,0
Basil Thampi,32,19,8,7,1,35,83.33,0,0,1,1
Ben Cutting,238,21,17,6,19.8,141,158.41,0,0,15,19
Ben Dunk,40,3,3,0,13.33,35,114.28,0,0,7,0
Ben Laughlin,5,9,4,2,2.5,13,34.72,0,0,0,0
Ben Rohrer,193,8,8,2,32.16,140,137.85,0,1,21,5
Ben Stokes,935,45,44,6,19.44,698,106.43,2,2,81,32
Beuran Hendricks,1,7,3,2,0,3,25,0,0,0,0
Bhanuka Rajapaksa,277,13,13,1,23.28,191,137.1,0,1,22,15
Bharat Chipli,280,23,21,6,15.22,251,96.94,0,1,28,7
Bhargav Bhatt,6,5,1,1,0,2,300,0,0,0,1
Bhuvneshwar Kumar,305,172,67,32,9.54,325,88.17,0,0,30,3
Billy Stanlake,5,4,1,1,0,2,250,0,0,1,0
Biplap Samantray,123,8,7,2,24.6,111,110.81,0,1,13,2
Bipul Sharma,187,32,17,9,17.42,123,132.12,0,0,11,9
Bodapati Sumanth,35,5,4,3,35,37,94.59,0,0,3,0
Brad Haddin,18,1,1,0,18,11,163.63,0,0,2,1
Brad Hodge,1400,66,63,21,30.15,1118,119.11,0,6,122,43
Brad Hogg,22,15,5,2,7.25,22,105.21,0,0,1,0
Brendon McCullum,2880,109,109,5,28.13,2186,131.69,2,13,293,130
Brett Lee,124,38,19,9,14.28,97,129.31,0,0,8,8
Callum Ferguson,98,9,8,2,18.25,117,84.12,0,0,9,0
Cameron Green,707,29,28,11,41.05,460,151.77,1,2,62,32
Cameron White,954,47,45,9,25.45,755,122.34,0,6,76,36
Carlos Brathwaite,181,16,14,1,12.58,111,141.17,0,0,10,16
Chamara Kapugedera,16,5,3,0,5.33,23,69.56,0,0,0,0
Chaminda Vaas,81,13,11,3,14.83,73,115.91,0,0,2,3
Chandan Madan,15,1,1,0,15,19,78.94,0,0,3,0
Charl Langeveldt,8,3,1,0,8,8,100,0,0,0,1
Chetan Sakariya,20,16,8,2,3.6,31,65.33,0,0,3,0
Chetanya Nanda,0,3,1,0,0,1,0,0,0,0,0
Cheteshwar Pujara,390,30,22,3,19.1,391,97.35,0,1,50,4
Chidhambaram Gautam,169,13,13,3,14.43,150,106.14,0,0,17,6
Chris Gayle,4965,142,141,16,38.5,3333,143.73,6,31,405,357
Chris Jordan,81,33,13,3,7.11,77,84.74,0,0,3,3
Chris Lynn,1329,42,42,3,31.72,945,127.07,0,10,132,66
Chris Morris,618,81,51,23,26.75,398,144.68,0,2,41,35
Chris Woakes,78,21,12,6,6.67,77,107.9,0,0,7,2
Clint McKay,8,2,1,0,8,15,53.33,0,0,0,0
Colin de Grandhomme,303,25,21,5,19.09,225,128.92,0,0,18,18
Colin Ingram,205,15,15,3,14.45,180,100.12,0,0,22,5
Colin Munro,177,13,12,0,14.53,141,124.55,0,0,19,8
Corey Anderson,538,30,29,7,23.35,423,114.16,0,3,40,31
D'Arcy Short,115,7,7,0,16.42,99,116.16,0,0,11,5
Dale Steyn,167,93,36,14,7.29,160,79.55,0,0,14,3
Damien Martyn,19,1,1,0,19,24,79.16,0,0,1,0
Dan Christian,460,49,41,10,13.4,398,96.78,0,0,23,19
Daniel Harris,111,4,4,0,27.75,101,109.9,0,0,11,5
Daniel Sams,44,16,13,4,3.81,44,68.52,0,0,1,3
Daniel Vettori,87,25,13,7,21.25,81,107.86,0,0,8,2
Darren Bravo,6,1,1,1,0,5,120,0,0,1,0
Darren Lehmann,18,2,2,0,9,18,100,0,0,3,0
Darren Sammy,295,22,20,5,16.97,241,107.57,0,1,15,18
Darshan Nalkande,12,3,1,0,12,11,109.09,0,0,0,1
Daryl Mitchell,351,15,15,2,22.71,267,108.8,0,2,28,10
Dasun Shanaka,26,3,3,1,13,26,100,0,0,2,1
David Hussey,1322,64,61,12,28.88,1075,123.69,0,5,90,60
David Miller,2924,129,123,43,36.47,2100,133.31,1,13,207,134
David Warner,6402,177,177,22,40.7,4565,139.24,4,61,647,231
David Wiese,148,18,11,6,17.17,101,152.59,0,0,12,7
David Willey,53,8,5,3,9,62,84.69,0,0,7,0
Davy Jacobs,92,6,6,0,15.33,88,104.54,0,0,10,4
Dawid Malan,26,1,1,0,26,26,100,0,0,1,1
Debabrata Das,304,31,22,8,24.72,261,115.47,0,0,23,16
Deepak Chahar,80,71,13,6,8.23,59,115.31,0,0,2,6
Deepak Hooda,1465,118,96,16,26.04,1131,127.73,0,8,96,61
Devdutt Padikkal,1559,64,64,2,23.36,1266,115.03,1,9,169,42
Devon Conway,924,23,22,3,46.85,654,142.68,0,9,99,30
Devraj Patil,13,2,2,0,6.5,13,100,0,0,1,0
Dewald Brevis,230,10,10,0,23,172,129.71,0,0,17,16
Dhawal Kulkarni,100,84,22,13,2.45,107,99.77,0,0,6,2
Dhruv Jurel,347,28,22,7,23.05,229,155.51,0,2,29,16
Dhruv Shorey,13,2,2,0,6.5,17,75.69,0,0,0,1
Dilhara Fernando,4,10,2,2,0,3,150,0,0,0,0
Dillon du Preez,10,2,1,0,10,13,76.92,0,0,0,0
Dimitri Mascarenhas,79,13,11,2,7.08,78,104,0,0,5,1
Dinesh Karthik,4554,242,221,45,27.27,3360,136.57,0,21,446,152
Dinesh Salunkhe,33,6,3,1,16.5,24,137.5,0,0,5,0
Dirk Nannes,4,9,2,1,4,13,30.76,0,0,0,0
Dishant Yagnik,170,25,17,7,14.16,137,115.47,0,0,23,2
Doddapaneni Kalyankrishna,3,3,1,0,3,8,37.5,0,0,0,0
Dominic Thornely,39,6,4,2,19.5,53,73.58,0,0,2,2
Domnic Joseph,1,6,2,1,1,3,33.33,0,0,0,0
Donovan Ferreira,8,2,2,0,4,11,72.72,0,0,0,0
Doug Bollinger,21,14,3,2,1.5,22,82.94,0,0,1,1
Doug Bracewell,12,1,1,1,0,9,133.33,0,0,1,0
Dushmantha Chameera,43,12,8,4,10.75,28,153.57,0,0,3,3
Dwaine Pretorius,44,6,5,1,11,28,157.14,0,0,3,3
Dwaraka Ravi Teja,375,32,25,6,16.39,317,107.04,0,1,35,9
Dwayne Bravo,1560,161,113,44,20.39,1204,147.3,0,5,120,66
Dwayne Smith,2385,91,89,5,26.19,1764,133.46,0,17,245,117
Eklavya Dwivedi,24,4,2,0,12,14,171.42,0,0,2,2
Eoin Morgan,1405,83,75,13,21.49,1146,117.7,0,5,112,64
Evin Lewis,654,27,26,2,24.98,477,130.85,0,4,62,36
Fabian Allen,14,5,4,2,7,19,82.14,0,0,1,0
Faf Du Plessis,4571,145,138,11,35.5,3352,136.36,0,37,421,166
Faiz Fazal,183,12,11,1,15,173,103.25,0,0,22,1
Farhaan Behardien,14,3,3,1,7,13,107.69,0,0,2,0
Fazalhaq Farooqi,3,7,2,2,NULL,13,22.5,0,0,0,0
Gautam Gambhir,3931,139,137,15,31.54,3126,122.81,0,35,459,57
George Bailey,663,40,37,10,22.72,544,107.86,0,2,59,19
George Garton,2,5,3,2,2,4,50,0,0,0,0
Gerald Coetzee,14,10,5,1,3.5,22,63.63,0,0,0,1
Glenn Maxwell,2771,134,129,17,21.77,1768,140.24,0,18,232,160
Glenn McGrath,4,14,3,2,4,5,80,0,0,1,0
Glenn Phillips,65,8,8,1,10.4,55,128.03,0,0,3,6
Graeme Smith,739,29,29,3,25.19,668,103.78,0,4,94,9
Graham Napier,15,1,1,0,15,16,93.75,0,0,1,0
Gulbadin Naib,19,2,1,0,19,15,126.66,0,0,1,1
Gurkeerat Mann Singh,511,39,32,8,17.4,422,121.49,0,2,55,11
Halhadar Das,2,1,1,0,2,5,40,0,0,0,0
Hanuma Vihari,284,24,23,3,9.65,321,82.7,0,0,23,1
Harbhajan Singh,833,163,90,37,14.54,604,124.94,0,1,79,42
Hardik Pandya,2525,137,128,40,28.09,1734,143.49,0,10,189,136
Hardus Viljoen,3,6,3,1,1.5,7,42.85,0,0,0,0
Harmeet Singh Bansal,18,10,3,1,9,11,144.64,0,0,3,0
Harpreet Bhatia,103,5,5,0,19.42,93,104.11,0,0,10,3
Harpreet Brar,233,40,24,13,10.7,190,126.14,0,0,19,9
Harpreet Singh,20,3,3,1,10,26,85,0,0,0,0
Harry Brook,190,11,11,2,21.11,154,123.37,1,0,23,4
Harry Gurney,1,8,1,1,0,5,20,0,0,0,0
Harshal Patel,249,99,41,14,11.9,203,112.03,0,0,16,15
Harshit Rana,2,2,2,1,2,2,100,0,0,0,0
Hashim Amla,577,16,16,3,43.08,407,138.88,2,3,60,21
Heinrich Klaasen,993,35,32,6,28.3,590,139.85,1,6,56,64
Herschelle Gibbs,886,36,36,4,29.87,807,106.72,0,6,83,31
Hrithik Shokeen,66,13,6,3,22.25,65,112.44,0,0,9,0
Imran Tahir,33,41,8,4,2.33,37,77.46,0,0,5,0
Iqbal Abdulla,86,36,10,8,1.67,80,91.95,0,0,9,1
Irfan Pathan,1139,103,82,29,18.97,946,108.92,0,1,87,37
Ish Sodhi,7,8,2,0,3.5,17,35.6,0,0,0,0
Ishan Kishan,2644,104,99,6,27.25,1946,130.96,0,16,255,119
Ishan Malhotra,7,1,1,1,0,4,175,0,0,1,0
Ishank Jaggi,76,7,7,2,18.17,97,77.23,0,0,6,0
Ishant Sharma,57,79,25,19,4.83,69,106.58,0,0,4,2
Isuru Udana,15,10,4,1,5,11,136.36,0,0,1,1
Jacob Oram,106,15,11,4,16.33,105,122.31,0,0,6,5
Jacques Kallis,2427,98,96,11,28.61,2222,109.36,0,17,255,44
Jagadeesan Narayan,129,8,8,1,27.42,118,108.99,0,0,17,2
Jagadeesh Arunkumar,23,3,3,0,7.66,23,100,0,0,5,0
Jagadeesha Suchith,70,21,10,6,13.75,61,112.08,0,0,6,3
Jake Fraser,330,9,9,0,36.67,141,234.04,0,4,32,28
James Faulkner,527,59,45,20,21.3,389,126.26,0,0,36,23
James Franklin,327,20,16,5,38.97,301,117.91,0,1,25,8
James Hopes,417,21,19,3,29.65,306,136.69,0,4,49,11
James Neesham,31,2,2,0,15.5,27,114.81,0,0,3,0
James Pattinson,15,10,2,1,15,13,115.38,0,0,2,0
Jaskaran Singh,8,6,4,3,8,11,72.72,0,0,0,0
Jason Behrendorff,6,12,2,2,NULL,9,66.66,0,0,0,0
Jason Holder,259,40,27,6,14.06,211,122.1,0,0,13,18
Jason Roy,614,21,21,2,31.28,443,137.68,0,4,75,21
Jasprit Bumrah,68,113,24,19,6,70,86.38,0,0,5,1
Javon Searles,8,4,2,1,8,6,133.33,0,0,0,1
Jayant Yadav,40,10,5,1,10,36,95.38,0,0,2,1
Jaydev Unadkat,195,79,30,14,8.94,164,89.98,0,0,16,7
Jeevan Mendis,23,3,3,0,7.66,27,85.18,0,0,0,0
Jesse Ryder,604,29,29,1,19.75,458,127.75,0,4,69,19
Jhye Richardson,17,4,3,0,4.75,26,81.25,0,0,2,0
Jimmy Neesham,61,12,8,1,7.83,66,65.62,0,0,3,2
Jitesh Sharma,730,40,36,4,23.34,483,150.46,0,0,53,45
JM Kemp,26,5,2,0,13,24,108.33,0,0,1,1
Joe Denly,0,1,1,0,0,1,0,0,0,0,0
Joe Root,10,3,1,0,10,15,66.66,0,0,1,0
Jofra Archer,199,40,25,12,18.44,128,129.57,0,0,11,14
Joginder Sharma,36,12,5,2,14,29,128.28,0,0,1,2
Johan Botha,409,34,28,8,20.3,359,126.08,0,1,39,5
Johan van,18,3,3,1,9,16,112.5,0,0,1,1
Jonny Bairstow,1589,50,50,4,36.22,1100,144.63,2,9,166,69
Jos Buttler,3582,107,106,12,37.62,2428,147.28,7,19,355,161
Josh Hazlewood,19,15,6,6,NULL,28,59.62,0,0,1,0
Josh Philippe,78,5,5,1,19.5,77,101.29,0,0,9,1
JP Duminy,2029,83,77,26,42.68,1636,119.85,0,14,126,79
Juan Theron,10,10,4,2,0.33,12,85.55,0,0,1,0
K L Rahul,1410,38,38,4,40.91,1079,128.24,2,10,118,53
K.S Bharat,191,8,7,2,38.2,156,122.43,0,1,10,8
Kagiso Rabada,206,74,29,12,13.27,191,127.45,0,0,16,8
Kamlesh Nagarkoti,22,11,7,3,3.67,33,35.48,0,0,1,0
Kamran Akmal,128,6,6,1,25.6,78,164.1,0,1,13,8
Kamran Khan,3,5,1,0,3,5,60,0,0,0,0
Kane Richardson,36,14,4,1,6,39,81.48,0,0,2,1
Kane Williamson,2128,78,77,17,32.43,1694,118.98,0,18,186,64
Karan Goel,218,22,17,2,15.39,231,93.55,0,0,17,9
Karan Sharma,16,3,3,0,5,25,78.57,0,0,1,0
Karanveer Singh,12,9,4,3,5.5,17,84.38,0,0,1,0
Karn Sharma,350,71,38,13,9.87,291,124.6,0,0,20,17
Kartik Tyagi,13,16,7,3,3.17,16,77.77,0,0,1,0
Karun Nair,1496,76,68,5,17.48,1171,112.14,0,10,161,39
KC Cariappa,24,10,5,2,4.67,21,148.92,0,0,0,2
Kedar Jadhav,1208,95,81,27,16.47,981,118.21,0,4,102,40
Keemo Paul,18,8,6,1,3.6,24,75,0,0,1,1
Kemar Roach,10,2,1,0,10,9,111.11,0,0,1,0
Keshav Maharaj,1,2,1,0,1,2,50,0,0,0,0
Kevin Pietersen,1001,36,36,9,40.28,743,130.58,1,4,91,40
Kevon Cooper,116,25,14,5,13.92,68,172.42,0,0,9,8
Khaleel Ahmed,1,23,3,0,0.33,5,16.67,0,0,0,0
Kieron Pollard,3412,189,171,52,29.54,2316,146.29,0,16,218,223
KL Rahul,3273,94,85,16,41.31,2400,130.92,2,27,282,134
KP Appanna,2,7,3,2,1,4,33.33,0,0,0,0
Krishnakant Upadhyay,11,1,1,1,0,8,137.5,0,0,0,1
Krishnappa Gowtham,247,31,26,9,19.31,147,153,0,0,15,17
Krunal Pandya,1647,127,111,38,24.28,1240,132.85,0,1,144,61
Kuldeep Yadav,183,81,33,21,17.17,216,89.19,0,0,16,3
Kuldip Yadav,0,1,1,1,0,4,0,0,0,0,0
Kumar Kartikeya Singh,9,12,2,0,4.5,12,72.86,0,0,1,0
Kumar Kushagra,3,4,3,0,1,7,42.85,0,0,0,0
Kumar Sangakkara,1687,71,68,3,25.75,1392,120.35,0,10,195,27
Kushal Janith Perera,14,2,2,0,7,13,107.69,0,0,3,0
Kyle Abbott,13,5,3,2,13,8,162.5,0,0,0,1
Kyle Jamieson,65,9,7,3,16.25,55,118.18,0,0,5,3
Kyle Mayers,379,13,13,0,29.15,263,144.1,0,4,38,22
Lakshmipathy Balaji,36,65,15,7,3.39,49,75.56,0,0,2,1
Lalit Yadav,305,27,21,5,18.8,290,99.65,0,0,27,7
Lasith Malinga,88,110,25,9,2.01,99,85.75,0,0,6,5
Laxmi Ratan Shukla,405,47,34,7,13.33,350,106.83,0,0,33,16
Lee Carseldine,81,5,5,1,20.25,68,119.11,0,0,11,0
Lendl Simmons,1079,29,29,2,32.21,852,120.04,1,11,109,44
Liam Livingstone,940,39,39,6,25.11,578,147.57,0,6,66,66
Liam Plunkett,1,7,2,1,1,3,33.33,0,0,0,0
Litton Das,4,1,1,0,4,4,100,0,0,1,0
Lizaad Williams,1,2,1,1,NULL,2,50,0,0,0,0
Lockie Ferguson,68,37,10,7,0.7,46,127.38,0,0,6,2
LPC Silva,40,3,3,1,20,26,153.84,0,0,5,1
Luke Pomersbach,302,17,16,5,51,246,116.57,0,1,25,13
Luke Ronchi,34,5,5,0,4.25,34,53.13,0,0,6,1
Luke Wood,9,2,1,1,NULL,3,300,0,0,0,1
Luke Wright,106,6,6,1,21.2,60,176.66,0,0,16,3
Maheesh Theekshana,7,9,2,1,7,7,100,0,0,0,1
Mahela Jayawardena,1802,80,78,15,29.82,1462,125.2,1,10,200,39
Mahesh Rawat,55,18,12,7,4.5,69,72.28,0,0,4,1
Mahipal Lomror,527,40,35,6,18.39,373,153.39,0,1,33,30
Makhaya Ntini,11,9,2,1,11,18,61.11,0,0,2,0
Manan Vohra,1083,56,51,2,19.34,829,125.9,0,3,104,43
Manav Suthar,1,1,1,0,1,2,50,0,0,0,0
Mandeep Singh,1702,107,96,16,18.48,1377,114.85,0,6,175,38
Manish Pandey,3850,171,159,27,31.36,3179,116.36,1,22,335,110
Manoj Tiwary,1686,96,84,26,28.31,1436,116.1,0,7,155,40
Manpreet Gony,99,40,15,6,11.75,69,120.24,0,0,6,8
Manpreet Juneja,125,7,7,0,17.85,128,97.65,0,0,11,1
Manvinder Bisla,798,39,39,1,17.96,702,100.2,0,4,93,23
Marchant de Lange,1,1,1,0,1,2,50,0,0,0,0
Marco Jansen,66,21,13,6,10,66,89.43,0,0,5,2
Marcus Stoinis,1866,96,88,22,27.81,1314,132.04,1,9,150,91
Mark Boucher,394,31,24,10,20.29,309,121.61,0,1,32,13
Mark Wood,12,5,3,1,6,8,126.67,0,0,1,1
Marlon Samuels,161,15,14,1,9.65,172,79.6,0,0,9,7
Martin Guptill,270,13,13,1,22.67,196,135.49,0,1,24,15
Mashrafe Mortaza,2,1,1,1,0,2,100,0,0,0,0
Matthew Hayden,1107,32,32,2,45.54,805,137.7,0,8,121,44
Matthew Short,117,6,6,0,19.5,92,127.17,0,0,15,4
Matthew Wade,183,15,14,0,9.01,177,82.36,0,0,23,2
Mayank Agarwal,2661,127,121,4,20.37,2000,124.91,1,13,263,98
Mayank Markande,48,27,11,8,8.25,42,123.01,0,0,5,1
MF Maharoof,156,17,12,3,15.58,102,146.5,0,0,12,9
Michael Bracewell,58,5,4,2,29,47,123.4,0,0,6,1
Michael Clarke,98,6,6,0,16.33,93,105.37,0,0,12,0
Michael Hussey,1977,59,58,7,38.71,1612,119.41,1,15,198,52
Michael Klinger,73,4,4,0,18.25,77,94.8,0,0,9,0
Michael Lumb,278,11,11,0,25.27,192,144.79,0,1,45,6
Misbah-ul-Haq RCB,117,8,8,1,16.71,81,144.44,0,0,10,6
Mitchell Johnson,167,54,30,17,6.44,164,100.87,0,0,10,7
Mitchell Marsh,665,42,36,2,15.86,521,102.04,0,3,48,38
Mitchell McClenaghan,85,56,24,11,7.5,70,129.98,0,0,5,7
Mitchell Santner,70,16,11,5,15.89,71,88.24,0,0,4,3
Mitchell Starc,105,41,17,8,9.89,109,87.19,0,0,11,0
Mithun Manhas,439,44,32,12,19.63,408,110.34,0,0,36,9
Moeen Ali,1162,67,57,6,20.57,821,135.69,0,6,95,67
Mohammad Ashraful,2,1,1,0,2,10,20,0,0,0,0
Mohammad Asif,3,8,2,0,1.5,6,50,0,0,0,0
Mohammad Hafeez,20,8,3,1,10,22,90.9,0,0,2,1
Mohammad Kaif,259,29,22,4,13.25,250,102,0,0,22,6
Mohammad Nabi,215,24,19,3,8.37,150,131.4,0,0,18,11
Mohammad Shami,74,94,25,12,4.56,79,76.22,0,0,6,2
Mohammed Siraj,109,87,25,15,10.79,119,90.21,0,0,10,4
Mohit Rathee,1,1,1,1,NULL,2,50,0,0,0,0
Mohit Sharma,126,82,28,12,5.4,127,73.93,0,0,8,4
Mohnish Mishra,237,18,17,1,11.95,208,108.98,0,0,24,8
Mohsin Khan,25,18,4,2,12.5,17,171.88,0,0,2,1
Moises Henriques,1000,62,54,18,24.2,788,124.47,0,5,87,28
Morne Morkel,126,70,23,12,6.24,90,117.43,0,0,11,5
MS Dhoni,5243,264,229,95,42.08,3812,141.4,0,24,363,252
Mujeeb Ur Rahman,12,19,7,4,2.75,15,69.05,0,0,2,0
Mukesh Choudhary,6,13,2,1,6,6,100,0,0,1,0
Mukesh Kumar,10,20,5,4,3,18,55.55,0,0,0,0
Munaf Patel,37,32,10,5,3.75,33,51.73,0,0,5,0
Murali Kartik,113,54,16,9,5.83,108,97.76,0,0,7,1
Murali Vijay,2619,106,106,5,23.33,2149,113.73,2,13,247,91
Murugan Ashwin,35,42,13,4,3.25,50,59.7,0,0,2,1
Musavir Khote,24,4,3,1,12,22,109.09,0,0,2,1
Mustafizur Rahman,13,31,9,8,0.5,23,62.62,0,0,0,1
Muttiah Muralitharan,20,40,8,3,2,27,69.79,0,0,1,0
Naman Dhir,140,7,7,1,23.33,79,177.21,0,1,12,10
Naman Ojha,1554,113,94,19,18.66,1313,105.45,0,6,121,79
Narayan Jagadeesan,33,5,2,0,16.5,29,113.79,0,0,4,0
Nathan Coulter-Nile,82,37,16,5,7.61,72,105.53,0,0,7,4
Nathan Ellis,19,13,4,1,9.25,23,63.39,0,0,0,1
Nathan McCullum,26,2,2,1,26,22,118.18,0,0,0,1
Navdeep Saini,33,30,7,3,8.25,37,75,0,0,3,0
Naveen-Ul-Haq LSG,18,18,6,5,16,25,63.1,0,0,2,0
Nehal Wadera,241,14,10,1,26.78,166,145.18,0,2,23,12
Nehal Wadhera,109,6,6,0,18.17,84,129.76,0,0,9,6
Nic Maddinson,20,3,3,0,6,21,85.71,0,0,4,0
Nicholas Pooran,1769,76,73,18,33.58,1090,155.67,0,9,113,127
Nikhil Naik,31,4,4,0,6.5,50,50.42,0,0,2,0
Niraj Patel,121,9,6,2,30.25,119,87.26,0,1,14,1
Nitin Saini,140,10,10,0,14,141,99.29,0,1,16,0
Nitish Kumar Reddy,303,13,11,2,33.67,212,142.92,0,2,15,21
Nitish Rana,2636,107,101,9,28.65,1952,134.56,0,18,234,132
Noor Ahmad,13,23,7,3,3.25,18,72.22,0,0,2,0
Nuwan Kulasekara,5,5,1,1,0,3,166.66,0,0,1,0
Nuwan Zoysa,11,3,2,1,11,9,122.22,0,0,1,0
Obed McCoy,8,7,1,0,8,5,160,0,0,0,1
Odean Smith,51,6,6,3,17,44,115.9,0,0,1,5
Owais Shah,506,23,22,7,30.19,389,133.97,0,4,34,23
Paidikalva Vijaykumar,1,9,2,2,0,1,100,0,0,0,0
Pankaj Singh,7,10,5,3,0.67,12,54.17,0,0,0,0
Paras Dogra,127,13,12,1,8.62,138,75.31,0,0,4,5
Parthiv Patel,2848,139,137,11,22.32,2358,119.01,0,13,365,49
Parveez Rasool,17,8,4,2,5,20,88.89,0,0,1,0
Parvinder Awana,4,12,2,2,0,5,80,0,0,0,0
Pat Cummins,515,57,41,15,17.61,344,140.85,0,3,33,34
Paul Collingwood,203,8,7,2,40.6,156,130.12,0,3,9,13
Paul Valthaty,505,23,23,1,12.4,418,70.27,1,2,61,20
Pawan Negi,365,47,35,9,13.79,289,107.39,0,0,27,16
Peter Handscomb,6,2,1,0,6,12,50,0,0,0,0
Phil Salt,653,21,21,2,33.4,372,172.95,0,6,74,34
Pinal Shah,92,16,10,2,10.39,91,100.35,0,0,9,2
Piyush Chawla,624,185,92,36,10.19,563,98.92,0,0,56,20
PM Sarvesh Kumar,1,2,1,1,0,2,50,0,0,0,0
Prabhsimran Singh,384,19,19,0,14.22,268,108.38,0,2,38,22
Pradeep Sahu,19,5,2,1,19,13,146.15,0,0,1,1
Pradeep Sangwan,20,26,10,3,2.33,34,66.9,0,0,1,0
Pragyan Ojha,13,69,20,9,1.37,37,37.5,0,0,0,0
Prashant Chopra,8,1,1,0,8,6,133.33,0,0,2,0
Prasidh Krishna,9,51,10,7,1.2,24,24,0,0,0,0
Praveen Dubey,16,1,1,0,16,20,80,0,0,2,0
Praveen Kumar,344,119,59,21,7.64,315,94.04,0,0,23,17
Pravin Dubey,7,3,1,1,0,13,53.84,0,0,0,0
Pravin Tambe,18,33,6,4,0.63,39,50.6,0,0,1,0
Prayas Ray Barman,19,1,1,0,19,24,79.16,0,0,2,0
Prerak Mankad,97,6,6,3,31,73,264.58,0,1,13,2
Prithvi Raj Yarra,0,2,1,1,0,1,0,0,0,0,0
Prithvi Shaw,1892,79,79,0,23.58,1283,146.25,0,14,238,61
Priyam Garg,273,23,19,1,15.79,241,113.04,0,1,16,9
Quinton De Kock,3157,107,107,6,30.02,2352,134.22,2,23,316,123
Rachin Ravindra,222,10,10,0,22.2,138,160.86,0,1,22,12
Rahmanullah Gurbaz,289,14,13,0,25.82,216,134.15,0,2,24,19
Rahul Chahar,129,64,21,7,7.11,115,109.28,0,0,13,5
Rahul Dravid,2174,89,82,5,28.17,1882,116.85,0,11,269,28
Rahul Sharma,66,42,20,6,5.23,75,77.17,0,0,5,3
Rahul Shukla,18,3,3,2,18,21,85.71,0,0,2,0
Rahul Tewatia,1013,92,65,25,23.92,752,135.67,0,1,84,47
Rahul Tripathi,2236,95,93,11,26.96,1605,137.31,0,12,223,84
Raiphi Gomez,50,13,9,4,4.6,51,246,0,0,5,1
Rajagopal Sathish,270,34,25,8,14.58,231,107.93,0,0,22,6
Rajangad Bawa,11,2,2,0,5.5,14,78.57,0,0,1,0
Rajat Bhatia,334,87,44,19,13.88,266,112.83,0,0,23,13
Rajat Patidar,799,27,24,1,34.54,503,148.13,1,7,51,54
Rajesh Bishnoi,19,3,3,0,6.33,17,111.76,0,0,1,2
Ramandeep Singh,170,20,13,7,26.88,102,157.06,0,0,8,13
Ramesh Powar,67,26,10,7,9.75,64,96.25,0,0,6,1
Ramnaresh Sarwan,73,4,4,0,18.25,75,97.33,0,0,6,1
Rashid Khan,545,121,60,23,14.86,337,158.05,0,1,39,38
Rasikh Salam,40,11,6,1,4.67,40,111.66,0,0,5,0
Rassie van,22,3,3,1,11,24,91.66,0,0,2,0
Ravi Bishnoi,32,52,14,6,4,49,56.02,0,0,2,0
Ravi Bopara,531,24,22,4,29.2,453,117.56,0,3,39,16
Ravi Rampaul,51,12,7,2,11.25,50,101.35,0,0,3,2
Ravichandran Ashwin,800,212,94,34,12.33,675,107.98,0,1,61,28
Ravindra Jadeja,2959,240,184,76,30.63,2281,130.51,0,3,215,107
Reece Topley,3,4,1,1,NULL,6,50,0,0,0,0
Reetinder Sodhi,4,3,1,1,0,2,200,0,0,1,0
Richard Gleeson,2,2,1,1,NULL,2,100,0,0,0,0
Richard Levi,83,6,6,0,13.83,73,113.69,0,1,10,4
Ricky Bhui,10,4,4,0,2.83,26,30.55,0,0,0,0
Ricky Ponting,91,10,9,0,10.08,128,71.46,0,0,5,2
Rilee Rossouw,473,22,22,2,19.06,308,141.31,0,2,45,25
Rinku Singh,893,46,40,11,24.91,623,124.88,0,4,67,46
Ripal Patel,80,9,7,2,15.78,73,135.51,0,0,6,2
Rishabh Pant,3284,111,110,17,34.82,2205,147.72,1,18,296,154
Rishi Dhawan,210,38,24,13,15.75,187,135.15,0,0,18,7
Riyan Parag,1173,70,58,10,22.94,868,126.12,0,6,84,60
Rob Quiney,103,7,7,0,14.71,102,100.98,0,1,12,3
Robin Peterson,32,5,5,2,10.66,30,106.66,0,0,3,1
Robin Uthappa,4952,205,197,17,27.52,3799,130.64,0,27,481,182
Roelof van,159,18,15,4,6.81,141,87.5,0,0,11,8
Rohan Gavaskar,2,2,1,0,2,8,25,0,0,0,0
Rohan Raje,20,10,5,4,6,18,111.11,0,0,1,1
Rohit Sharma,6628,257,252,29,30.05,5054,131.09,2,43,599,280
Romario Shepherd,115,9,8,4,28.75,62,206.44,0,0,7,10
Ronit More,2,2,1,1,0,2,100,0,0,0,0
Ross Taylor,1017,55,54,14,25.5,822,121.86,0,3,66,46
Rovman Powell,360,27,22,3,14.83,244,126.31,0,1,21,28
RP Singh,52,67,30,15,3.38,76,61.38,0,0,2,1
Ruturaj ,368,14,14,0,26.29,291,126.46,0,3,33,14
Ruturaj Gaikwad,2012,52,51,8,47.87,1448,136.41,2,15,184,77
Ryan Harris,117,37,21,9,11.69,112,103.03,0,0,6,3
Ryan McLaren,159,18,13,5,17.83,171,79.8,0,1,14,1
Ryan Ninan,3,2,1,0,3,6,50,0,0,0,0
Ryan ten Doeschate,326,29,22,8,25.13,235,134.92,0,1,26,15
Sachin Baby,144,19,11,1,9.7,118,83.66,0,0,11,5
Sachin Rana,91,11,8,4,21.17,81,112.4,0,0,9,1
Sachin Tendulkar,2334,78,78,11,34.33,1948,118.5,1,13,295,29
Sachithra Senanayake,10,8,4,3,10,17,58.82,0,0,0,0
Sai Kishore,13,5,2,1,13,6,216.66,0,0,0,2
Sai Sudharsan,1034,25,25,3,45.29,743,136.62,1,6,95,31
Salman Butt,193,7,7,0,27.57,161,119.87,0,1,30,2
Sam Billings,503,30,27,1,16.53,388,106.22,0,3,40,20
Sam Curran,883,59,48,13,24.05,647,151.39,0,5,74,37
Sameer Rizwi,51,8,5,1,12.75,43,118.6,0,0,4,2
Samuel Badree,13,7,5,0,2.6,23,56.52,0,0,0,0
Sanath Jayasuriya,772,30,30,2,23.27,532,129.73,1,4,85,39
Sandeep Lamichhane,0,6,1,0,0,1,0,0,0,0,0
Sandeep Sharma,54,107,26,20,2.88,69,81.94,0,0,4,0
Sanjay Bangar,47,11,7,1,7.83,49,95.91,0,0,1,3
Sanju Samson,4419,168,163,19,30.68,3180,137.88,3,25,352,206
Sanvir Singh,25,6,5,3,12.5,21,119.44,0,0,2,1
Sarfaraz Khan,585,50,37,11,22,448,119.32,0,1,63,14
Saurabh Tiwary,1494,93,73,21,25.89,1244,119.74,0,8,111,50
Saurav Chauhan,18,3,3,0,6,15,120,0,0,1,1
Scott Styris,131,12,10,3,10.89,133,172.02,0,0,10,3
Sean Abbott,22,3,3,0,7.25,18,127.69,0,0,1,2
Shadab Jakati,28,30,5,4,6.67,29,80.55,0,0,3,0
Shahbaz Ahmed,536,55,37,9,14.04,440,113.9,0,1,28,25
Shahbaz Nadeem,39,52,19,6,2,84,40.25,0,0,2,0
Shahid Afridi,81,10,9,1,10.12,46,176.08,0,0,7,6
Shahrukh Khan,553,40,38,10,19.75,391,144.46,0,1,35,37
Shai Hope,183,9,9,1,22.88,122,150,0,0,12,12
Shakib Al Hasan,793,71,52,12,15.22,637,117.13,0,2,73,21
Shalabh Srivastava,5,14,4,3,0.5,5,91.67,0,0,0,0
Shams Mulani,1,2,1,1,NULL,1,100,0,0,0,0
Shane Bond,1,8,1,0,1,2,50,0,0,0,0
Shane Harwood,9,3,2,2,0,14,64.28,0,0,0,0
Shane Warne,198,55,29,9,8.63,214,78.59,0,0,14,6
Shane Watson,3874,145,141,16,31.7,2809,135.37,4,21,376,190
Shanthakumaran Sreesanth,33,22,8,6,0.17,48,55.82,0,0,6,0
Shardul Thakur,307,95,37,12,7.96,221,132.96,0,1,27,13
Shashank Singh,423,24,19,7,30.75,262,155.73,0,2,33,25
Shaun Marsh,2477,71,69,7,38.61,1866,131.62,1,20,266,78
Shaun Pollock,147,13,8,0,18.37,111,132.43,0,0,12,8
Shaun Tait,22,12,4,2,11,23,96.15,0,0,1,1
Sheldon Cottrell,0,6,1,0,0,2,0,0,0,0,0
Sheldon Jackson,61,9,8,2,12.38,57,105.52,0,0,5,1
Sherfane Rutherford,106,10,9,2,15.55,104,100.59,0,0,3,8
Shikhar Dhawan,6769,222,221,29,33.98,5324,124.52,2,51,768,152
Shimron Hetmyer,1244,72,66,26,30.11,812,151.55,0,4,76,82
Shivam Dube,1502,65,61,11,27.23,1024,140.01,0,9,86,101
Shivam Mavi,51,32,12,3,5.83,56,81.48,0,0,4,2
Shivam Sharma,5,4,2,1,5,3,166.66,0,0,1,0
Shivam Singh,2,1,1,1,NULL,3,66.66,0,0,0,0
Shivil Kaushik,0,7,2,1,0,1,0,0,0,0,0
Shivnarine Chanderpaul,25,3,3,0,8.33,31,80.64,0,0,4,0
Shoaib Ahmed,1,7,3,1,0.5,6,16.66,0,0,0,0
Shoaib Akhtar,2,3,1,0,2,7,28.57,0,0,0,0
Shoaib Malik,52,7,5,1,13,47,110.63,0,0,5,0
Shoaib Shaikh,6,2,1,0,6,7,85.71,0,0,1,0
Shreevats Goswami,293,31,21,1,14.32,295,85.4,0,1,32,3
Shreyas Gopal,180,49,22,8,8.81,169,104.25,0,0,19,2
Shreyas Iyer,3127,116,115,18,31.14,2453,121.86,0,21,271,113
Shrikant Wagh,2,7,2,0,1,3,66.66,0,0,0,0
Shubham Dubey,33,4,3,1,16.5,19,173.68,0,0,3,2
Shubman Gill,3216,103,100,15,37.32,2370,134.97,4,20,310,95
Siddarth Kaul,20,53,12,8,0.17,36,49.87,0,0,1,0
Siddharth Chitnis,99,11,8,1,11.5,89,115.36,0,0,10,2
Siddharth Trivedi,42,64,13,7,4.5,57,72.14,0,0,3,1
Siddhesh Lad,15,1,1,0,15,13,115.38,0,0,1,1
Sikandar Raza,182,9,9,2,24.65,136,127.49,0,1,12,8
Simarjeet Singh,7,6,3,2,7,8,87.5,0,0,0,0
Simon Katich,241,11,11,1,56.06,186,131.53,0,2,26,8
Simran Singh,372,15,15,0,19.79,249,138.85,1,1,40,19
Sohail Tanvir,36,11,5,2,12,29,124.13,0,0,3,1
Sourav Ganguly,1349,59,56,3,25.41,1263,101.25,0,7,137,42
Spencer Johnson,6,5,3,3,NULL,7,85.71,0,0,1,0
Sreenath Aravind,59,29,12,8,2,57,104.38,0,0,7,0
Sridharan Sriram,31,2,2,0,15.5,36,75.12,0,0,3,0
Srikar Bharat,8,2,2,0,4,7,114.28,0,0,2,0
Srikkanth Anirudha,106,15,9,3,6.19,93,114.47,0,1,7,5
Stephen Fleming,196,10,10,1,21.77,164,119.51,0,0,27,3
Steve Smith,2485,103,93,21,35.42,1940,128.6,1,11,225,60
Stuart Binny,880,95,68,23,19.96,683,132.67,0,0,66,35
Subramaniam Badrinath,1441,95,67,20,31.05,1212,118.39,0,11,154,28
Sudeep Tyagi,3,6,1,1,0,4,75,0,0,0,0
Sumit Kumar,18,4,3,1,9,24,75,0,0,2,1
Sumit Narwal,37,7,4,1,15,27,135,0,0,6,0
Sunil Joshi,6,4,2,0,3,14,42.85,0,0,0,0
Sunil Narine,1534,177,110,20,11.8,925,123.79,1,7,164,97
Sunny Singh,43,6,5,1,10.75,31,138.7,0,0,6,1
Sunny Sohal,368,21,20,0,13.76,292,101.34,0,2,34,18
Suraj Randiv,2,8,1,0,2,4,50,0,0,0,0
Suresh Raina,5528,205,200,30,32.96,4042,135.92,1,39,506,203
Suryakumar Yadav,3594,149,134,23,31.51,2469,142.96,2,24,385,130
Suyash S Prabhudessai,126,11,10,0,15.38,106,122.52,0,0,11,4
Swapnil Asnodkar,423,20,20,0,14.58,339,115.96,0,2,56,10
Swapnil Singh,51,14,9,4,8.17,45,72.34,0,0,3,3
Syed Mohammad,29,11,5,3,1.67,26,200.64,0,0,4,0
T Natarajan,3,16,3,3,0,5,60,0,0,0,0
Tabraiz Shamsi,2,1,1,1,0,4,50,0,0,0,0
Tanmay Srivastava,8,7,3,2,4,11,40,0,0,0,0
Tanush Kotian,24,1,1,0,24,31,77.41,0,0,3,0
Taruwar Kohli,11,4,4,1,3,19,45.83,0,0,0,1
Tatenda Taibu,31,3,3,0,10.33,26,119.23,0,0,3,0
Thalaivan Sargunam,10,1,1,0,10,17,58.82,0,0,0,0
Thilan Thushara,12,6,4,2,6,18,59.74,0,0,0,0
Thisara Perera,422,36,30,8,13.24,307,102.77,0,0,23,26
Tilak Varma,1156,38,38,9,40.19,790,148.26,0,6,90,58
Tillakaratne Dilshan,735,38,37,4,20.75,666,106.22,0,5,98,11
Tim David,659,38,35,12,23.5,387,141.59,0,0,38,46
Tim Paine,10,2,2,0,5,26,38.46,0,0,0,0
Tim Seifert,26,3,3,0,7,23,88.16,0,0,4,0
Tim Southee,120,47,20,7,7.94,107,115.67,0,0,8,4
Tirumalasetti Suman,676,43,40,8,17.31,575,108.04,0,2,55,26
Tom Banton,18,2,2,0,9,20,90,0,0,1,1
Tom Curran,127,13,10,5,37.22,107,113.18,0,1,10,3
Tom Kohler- Cadmore,48,4,3,0,16,54,88.88,0,0,7,1
Travis Birt,75,5,5,0,15,58,129.31,0,0,9,2
Travis Head,772,25,25,4,32.57,444,155.45,1,5,76,40
Trent Boult,83,96,27,19,6.25,78,75.28,0,0,5,3
Tristan Stubbs,405,18,17,6,22.5,233,107.18,0,3,26,26
Tushar Deshpande,21,5,2,1,21,12,175,0,0,2,1
Tymal Mills,8,5,3,0,2.66,11,72.72,0,0,0,1
Tyron Henderson,11,2,2,0,5.5,16,68.75,0,0,0,1
Udit Birla,7,2,1,0,7,14,50,0,0,1,0
Umar Gul,39,6,4,1,13,19,205.26,0,0,1,5
Umesh Yadav,208,148,52,31,9.18,201,84.85,0,0,16,9
Umran Malik,23,22,6,4,11.5,16,143.75,0,0,1,2
Unmukt Chand,300,21,20,0,9.83,300,61.28,0,1,32,9
Usman Khawaja,127,6,6,0,21.16,100,127,0,0,14,3
Vaibhav Arora,9,20,8,6,2.5,16,96.15,0,0,0,0
Varun Aaron,50,38,11,6,1.92,67,71.52,0,0,2,2
Varun Chakaravarthy,25,55,12,8,2.67,46,48.61,0,0,2,0
Venkatesh Iyer,1326,51,49,7,33.19,967,135.2,1,11,121,61
Venugopal Rao,985,64,54,10,21.57,836,110.4,0,3,77,37
Vidyut Sivaramakrishnan,145,9,8,0,18.12,109,133.02,0,1,21,3
Vijay Shankar,1115,71,60,16,27.33,859,118.32,0,6,80,45
Vijay Zol,29,3,2,0,14.5,26,111.53,0,0,3,1
Vijayakanth Viyaskanth,7,3,1,1,NULL,5,140,0,0,0,0
Vikram Singh,4,13,2,0,2,3,133.33,0,0,1,0
Vikramjeet Malik,7,4,2,1,3,7,85,0,0,1,0
Vikrant Yeligati,2,2,1,0,2,2,100,0,0,0,0
Vinay Kumar,310,104,46,18,13.14,274,105.49,0,0,21,9
Virat Kohli,8004,252,244,37,38.86,6065,128.98,8,55,705,272
Virat Singh,15,3,2,0,7.5,26,57.69,0,0,1,0
Virender Sehwag,2530,93,93,4,27.79,1617,153.52,2,15,310,99
Vishnu Vinod,56,6,6,0,9.33,57,96.21,0,0,3,3
Vivrant Sharma,69,3,1,0,69,47,146.8,0,1,9,2
VVS Laxman,282,20,20,2,15.57,267,96.6,0,1,33,5
Vyshak Vijaykumar,14,11,4,2,7,12,88.89,0,0,0,1
Wanindu Hasaranga,72,26,14,4,7.64,73,85.41,0,0,7,1
Washington Sundar,378,58,38,11,12.41,324,101.22,0,0,32,9
Wasim Jaffer,130,8,8,0,13.33,121,99.4,0,1,14,3
Wayne Parnell,65,33,14,4,5.22,80,75.33,0,0,4,1
Wilkin Mota,56,12,8,2,16,75,79.4,0,0,2,0
Will Jacks,230,8,8,1,32.86,131,175.57,1,1,16,18
Wriddhiman Saha,2934,170,145,24,27.28,2300,124.76,1,13,296,87
Y Gnaneswara Rao,19,2,1,0,19,17,111.76,0,0,3,0
Yash Dhull,16,4,3,0,5.33,23,69.56,0,0,1,0
Yashasvi Jaiswal,1607,53,52,2,28.64,1067,138.32,2,9,198,64
Yashpal Singh,47,8,4,0,11.75,66,71.21,0,0,5,0
Yo Mahesh,15,11,5,3,7.5,27,55.55,0,0,0,0
Yogesh Nagar,263,24,18,6,23.13,233,112.64,0,0,19,9
Yogesh Takawale,104,5,5,0,20.8,91,114.28,0,0,17,1
Younis Khan,3,1,1,0,3,7,42.85,0,0,0,0
Yudhvir Singh,22,5,4,0,5.5,16,100,0,0,1,2
Yusuf Pathan,3204,174,154,44,30.3,2241,138.14,1,13,262,158
Yuvraj Singh,2750,132,126,15,24.5,2120,128.2,0,13,217,149
Yuzvendra Chahal,37,117,20,13,1.67,86,52.55,0,0,0,0
Zaheer Khan,117,91,32,18,9,141,85.71,0,0,11,2
Mayank Yadav,0,4,4,0,0,0,0,0,0,0,0
Yash Thakur,0,20,20,0,0,0,0,0,0,0,0
Ben Hilfenhaus,0,17,1,1,0,0,0,0,0,0,0
Lungisani Ngidi,0,14,0,0,0,0,0,0,0,0,0
Joshua Little,0,11,0,0,0,0,0,0,0,0,0
Prasanth Parameswaran,1,8,2,2,0,2,50,0,0,0,0
Matheesha Pathirana,0,24,0,0,0,0,0,0,0,0,0
